{"ATP": {"real_max": 24.637488409585835, "real_time": 20, "time": 17.0, "max": 15.733795086923891}, "MSU": {"real_max": 16.717892250457453, "real_time": 20, "time": 14.0, "max": 14.62243118084076}, "Nigericin": {"real_max": 96.12279920276976, "real_time": 5, "time": 1.0, "max": 79.91763785355397}}