{"ATP": {"real_max": 2.329856605250468, "real_time": 3.0, "time": 0.0, "max": 1.0}, "MCC950_ATP": {"real_max": 1.8175827696651454, "real_time": 17.0, "time": 0.0, "max": 1.0}, "MCC950_MSU": {"real_max": 6.858920075785547, "real_time": 20.5, "time": 9.5, "max": 4.763246091132671}, "MCC950_Nigericin": {"real_max": 6.319763149300972, "real_time": 4.5, "time": 1.5, "max": 4.034918335280654}, "MSU": {"real_max": 23.269373758054495, "real_time": 6.0, "time": 2.5, "max": 15.124950532919723}, "Nigericin": {"real_max": 66.30113097618096, "real_time": 2.0, "time": 1.0, "max": 49.5818649570984}}